Workbook

Sheet Loan Tracker
A1: Loan ID | B1: Borrower | C1: Original loan amount | D1: Loan start date | E1: Loan Tenure (Months) | F1: Annual Interest Rate (%) | G1: Total Principal Repaid | H1: Outstanding Principal | I1: Next Payment Due Date | J1: Payment Status | K1: Monitoring Notes | L1: Payment Received? | M1: Principal Repaid (%) | N1: Estimated Annual Interest | O1: Loan Maturity Date | P1: Risk Status | Q1: Days Overdue | R1: Loan Age (Months) | S1: Remaining Calendar Months | T1: Outstanding % | U1: Share Of Portfolio Exposure (%)
A2: L001 | B2: Bakery A | C2: 100000 | D2: 46113 | E2: 12 | F2: 0.1 | G2: 20000 | H2: =C2-G2 | I2: 46327 | J2: =IF(AND(I2<TODAY(),UPPER(L2)="NO"),"Overdue","Not Overdue") | K2: =IF(J2="Overdue","Payment overdue by "&Q2&" days; follow up with borrower.",IF(UPPER(L2)="YES","Payment marked received; verify receipt and update principal repaid.","Next payment due on "&TEXT(I2,"dd-mmm-yyyy")&"; payment not yet marked received.")) | L2: No | M2: =IFERROR(G2/C2,0) | N2: =H2*F2 | O2: =EDATE(D2,E2) | P2: =IF(J2="Overdue","High Risk","Normal") | Q2: =IF(AND(I2<TODAY(),UPPER(L2)="NO"),TODAY()-I2,0) | R2: =IFERROR(DATEDIF(D2,TODAY(),"m"),0) | S2: =MAX(0,(YEAR(O2)-YEAR(TODAY()))*12+MONTH(O2)-MONTH(TODAY())) | T2: =IFERROR(H2/C2,0) | U2: =IFERROR(H2/$H$5,0)
A3: L002 | B3: Clothing shop | C3: 200000 | D3: 46127 | E3: 24 | F3: 0.12 | G3: 50000 | H3: =C3-G3 | I3: 46341 | J3: =IF(AND(I3<TODAY(),UPPER(L3)="NO"),"Overdue","Not Overdue") | K3: =IF(J3="Overdue","Payment overdue by "&Q3&" days; follow up with borrower.",IF(UPPER(L3)="YES","Payment marked received; verify receipt and update principal repaid.","Next payment due on "&TEXT(I3,"dd-mmm-yyyy")&"; payment not yet marked received.")) | L3: No | M3: =IFERROR(G3/C3,0) | N3: =H3*F3 | O3: =EDATE(D3,E3) | P3: =IF(J3="Overdue","High Risk","Normal") | Q3: =IF(AND(I3<TODAY(),UPPER(L3)="NO"),TODAY()-I3,0) | R3: =IFERROR(DATEDIF(D3,TODAY(),"m"),0) | S3: =MAX(0,(YEAR(O3)-YEAR(TODAY()))*12+MONTH(O3)-MONTH(TODAY())) | T3: =IFERROR(H3/C3,0) | U3: =IFERROR(H3/$H$5,0)
A4: L003 | B4: Delivery Company | C4: 300000 | D4: 46143 | E4: 36 | F4: 0.09 | G4: 0 | H4: =C4-G4 | I4: 46357 | J4: =IF(AND(I4<TODAY(),UPPER(L4)="NO"),"Overdue","Not Overdue") | K4: =IF(J4="Overdue","Payment overdue by "&Q4&" days; follow up with borrower.",IF(UPPER(L4)="YES","Payment marked received; verify receipt and update principal repaid.","Next payment due on "&TEXT(I4,"dd-mmm-yyyy")&"; payment not yet marked received.")) | L4: No | M4: =IFERROR(G4/C4,0) | N4: =H4*F4 | O4: =EDATE(D4,E4) | P4: =IF(J4="Overdue","High Risk","Normal") | Q4: =IF(AND(I4<TODAY(),UPPER(L4)="NO"),TODAY()-I4,0) | R4: =IFERROR(DATEDIF(D4,TODAY(),"m"),0) | S4: =MAX(0,(YEAR(O4)-YEAR(TODAY()))*12+MONTH(O4)-MONTH(TODAY())) | T4: =IFERROR(H4/C4,0) | U4: =IFERROR(H4/$H$5,0)
B5: PORTFOLIO TOTALS | C5: =SUM(C2:C4) | F5: =N5/H5 | G5: =SUM(G2:G4) | H5: =SUM(H2:H4) | M5: =IFERROR(G5/C5,0) | N5: =SUM(N2:N4) | T5: =IFERROR(H5/C5,0)
A7: Model assumptions: | B7: Illustrative data only. Estimated annual interest = current outstanding principal × annual rate; actual interest depends on loan terms and repayment timing.

Sheet Portfolio Dashboard
A1: CREDIT PORTFOLIO MONITORING DASHBOARD
A3: Total Original Loan Amount | B3: ='Loan Tracker'!C5 | D3: Portfolio Metric | E3: Amount (₹)
A4: Total Outstanding Principal | B4: ='Loan Tracker'!H5 | D4: Original Loan Amount | E4: =B3
A5: Total Principal Repaid | B5: ='Loan Tracker'!G5 | D5: Principal Repaid | E5: =B5
A6: Portfolio Principal Repaid (%) | B6: ='Loan Tracker'!M5 | D6: Outstanding Principal | E6: =B4
A7: Number of Loans | B7: =COUNTA('Loan Tracker'!A2:A4)
A8: Number of Overdue Loans | B8: =COUNTIF('Loan Tracker'!J2:J4,"Overdue") | D8: Interpretation
A9: Number of High-Risk Loans | B9: =COUNTIF('Loan Tracker'!P2:P4,"High Risk") | D9: Outstanding principal is 88.33% of original lending. Delivery Company C represents the largest share of current exposure (56.60%), so concentration and repayment capacity merit review.
A10: Portfolio Outstanding (%) | B10: ='Loan Tracker'!T5
A11: Estimated Annual Interest* | B11: ='Loan Tracker'!N5
A12: Weighted Average Annual Interest Rate* | B12: ='Loan Tracker'!F5
A14: *Simplified estimates based on illustrative data; not a lending decision or a contractual interest calculation.
